name,url,category
"Aldrin Elementary School","https://public.govdelivery.com/topics/Aldrin_ES_News/feed.rss","Aldrin Elementary School"
"Annandale High School","https://public.govdelivery.com/topics/Annandale_HS_News/feed.rss","Annandale High School"
"Annandale Terrace Elementary School","https://public.govdelivery.com/topics/Annandale_Terrace_ES_News/feed.rss","Annandale Terrace Elementary School"
"Armstrong Elementary School","https://public.govdelivery.com/topics/Armstrong_ES_News/feed.rss","Armstrong Elementary School"
"Bailey's Lower","https://public.govdelivery.com/topics/Baileys_ES_News/feed.rss","Bailey's Lower"
"Bailey’s Upper","https://public.govdelivery.com/topics/Baileys_Upper_News/feed.rss","Bailey’s Upper"
"Beech Tree Elementary School","https://public.govdelivery.com/topics/Beech_Tree_ES_News/feed.rss","Beech Tree Elementary School"
"Belle View Elementary School","https://public.govdelivery.com/topics/Belle_View_ES_News/feed.rss","Belle View Elementary School"
"Belvedere Elementary School","https://public.govdelivery.com/topics/Belvedere_ES_News/feed.rss","Belvedere Elementary School"
"Bonnie Brae Elementary School","https://public.govdelivery.com/topics/Bonnie_Brae_ES_News/feed.rss","Bonnie Brae Elementary School"
"Braddock Elementary School","https://public.govdelivery.com/topics/Braddock_ES_News/feed.rss","Braddock Elementary School"
"Bren Mar Park Elementary School","https://public.govdelivery.com/topics/Bren_Mar_Park_ES_News/feed.rss","Bren Mar Park Elementary School"
"Brookfield Elementary School","https://public.govdelivery.com/topics/Brookfield_ES_News/feed.rss","Brookfield Elementary School"
"Bryant High School","https://public.govdelivery.com/topics/Brookfield_ES_News/feed.rss","Bryant High School"
"Bucknell Elementary School","https://public.govdelivery.com/topics/Bucknell_ES_News/feed.rss","Bucknell Elementary School"
"Bull Run Elementary School","https://public.govdelivery.com/topics/Bull_Run_ES_News/feed.rss","Bull Run Elementary School"
"Burke School","https://public.govdelivery.com/topics/Burke_School_News/feed.rss","Burke School"
"Bush Hill Elementary School","https://public.govdelivery.com/topics/Bush_Hill_ES_News/feed.rss","Bush Hill Elementary School"
"Camelot Elementary School","https://public.govdelivery.com/topics/Bush_Hill_ES_News/feed.rss","Camelot Elementary School"
"Cameron Elementary School","https://public.govdelivery.com/topics/Cameron_ES_News/feed.rss","Cameron Elementary School"
"Canterbury Woods Elementary School","https://public.govdelivery.com/topics/Canterbury_Woods_ES_News/feed.rss","Canterbury Woods Elementary School"
"Cardinal Forest Elementary School","https://public.govdelivery.com/topics/Cardinal_Forest_ES_News/feed.rss","Cardinal Forest Elementary School"
"Carson Middle School","https://public.govdelivery.com/topics/Carson_MS_News/feed.rss","Carson Middle School"
"Cedar Lane School","https://public.govdelivery.com/topics/Cedar_Lane_School_NEWS/feed.rss","Cedar Lane School"
"Centre Ridge Elementary School","https://public.govdelivery.com/topics/Centre_Ridge_ES_News/feed.rss","Centre Ridge Elementary School"
"Centreville Elementary School","https://public.govdelivery.com/topics/Centreville_ES_News/feed.rss","Centreville Elementary School"
"Centreville High School","https://public.govdelivery.com/topics/Centreville_HS_News/feed.rss","Centreville High School"
"Chantilly Academy","https://public.govdelivery.com/topics/Chantilly_Academy_News/feed.rss","Chantilly Academy"
"Chantilly High School","https://public.govdelivery.com/topics/Chantilly_HS_News/feed.rss","Chantilly High School"
"Cherry Run Elementary School","https://public.govdelivery.com/topics/Cherry_Run_ES_News/feed.rss","Cherry Run Elementary School"
"Chesterbrook Elementary School","https://public.govdelivery.com/topics/Chesterbrook_ES_News/feed.rss","Chesterbrook Elementary School"
"Churchill Road Elementary School","https://public.govdelivery.com/topics/Churchill_Road_ES_News/feed.rss","Churchill Road Elementary School"
"Clearview Elementary School","https://public.govdelivery.com/topics/Clearview_ES_News/feed.rss","Clearview Elementary School"
"Clermont Elementary School","https://public.govdelivery.com/topics/Clermont_ES_News/feed.rss","Clermont Elementary School"
"Coates Elementary School","https://public.govdelivery.com/topics/Coates_ES_News/feed.rss","Coates Elementary School"
"Columbia Elementary School","https://public.govdelivery.com/topics/Columbia_ES_News/feed.rss","Columbia Elementary School"
"Colvin Run Elementary School","https://public.govdelivery.com/topics/Colvin_Run_ES_News/feed.rss","Colvin Run Elementary School"
"Cooper Middle School","https://public.govdelivery.com/topics/Cooper_MS_Topic_1/feed.rss","Cooper Middle School"
"Crestwood Elementary School","https://public.govdelivery.com/topics/Crestwood_ES_News/feed.rss","Crestwood Elementary School"
"Crossfield Elementary School","https://public.govdelivery.com/topics/Crossfield_ES_News/feed.rss","Crossfield Elementary School"
"Cub Run Elementary School","https://public.govdelivery.com/topics/Cub_Run_ES_News/feed.rss","Cub Run Elementary School"
"Cunningham Park Elementary School","https://public.govdelivery.com/topics/Cunningham_Park_ES_News/feed.rss","Cunningham Park Elementary School"
"Daniels Run Elementary School","https://public.govdelivery.com/topics/Daniels_Run_ES_News/feed.rss","Daniels Run Elementary School"
"Davis Career Center","https://public.govdelivery.com/topics/Davis_Career_Center_News/feed.rss","Davis Career Center"
"Deer Park Elementary School","https://public.govdelivery.com/topics/Deer_Park_ES_News/feed.rss","Deer Park Elementary School"
"Dogwood Elementary School","https://public.govdelivery.com/topics/Dogwood_ES_News/feed.rss","Dogwood Elementary School"
"Dranesville Elementary School","https://public.govdelivery.com/topics/Dranesville_ES_News/feed.rss","Dranesville Elementary School"
"Eagle View Elementary School","https://public.govdelivery.com/topics/Eagle_View_ES_News/feed.rss","Eagle View Elementary School"
"Edison Academy","https://public.govdelivery.com/topics/Edison_Academy_News/feed.rss","Edison Academy"
"Edison High School","https://public.govdelivery.com/topics/Edison_HS_News/feed.rss","Edison High School"
"Fairfax Academy","https://public.govdelivery.com/topics/Fairfax_Academy_News/feed.rss","Fairfax Academy"
"Fairfax County Adult High School","https://fairfaxadulths.fcps.edu/admin/config/services/aggregator","Fairfax County Adult High School"
"Fairfax High School","https://public.govdelivery.com/topics/Fairfax_HS_News/feed.rss","Fairfax High School"
"Fairfax Villa Elementary School","https://public.govdelivery.com/topics/Fairfax_Villa_ES_News/feed.rss","Fairfax Villa Elementary School"
"Fairhill Elementary School","https://public.govdelivery.com/topics/Fairhill_ES_News/feed.rss","Fairhill Elementary School"
"Fairview Elementary School","https://public.govdelivery.com/topics/Fairview_ES_NEWS/feed.rss","Fairview Elementary School"
"Falls Church Academy","https://public.govdelivery.com/topics/Falls_Church_Academy_News/feed.rss","Falls Church Academy"
"Falls Church High School","https://public.govdelivery.com/topics/Falls_Church_HS_News/feed.rss","Falls Church High School"
"FCPS School Board Springfield District","https://public.govdelivery.com/topics/SB_Springfield_District/feed.rss","FCPS School Board Springfield District"
"FCPS Wellness Newsletter","https://public.govdelivery.com/topics/DSS_Wellness/feed.rss","FCPS Wellness Newsletter"
"FCPS Employee News","https://public.govdelivery.com/topics/FCPS_Employees_ALL/feed.rss","FCPS Employee News"
"School Board Mason District","https://public.govdelivery.com/topics/SB_Mason_District/feed.rss","School Board Mason District"
"FCPS Family Resource Newsletters","https://public.govdelivery.com/topics/PRC/feed.rss","FCPS Family Resource Newsletters"
"FCPS Military Families","https://public.govdelivery.com/topics/FSP_Military_Families/feed.rss","FCPS Military Families"
"FCPS Safe Routes to School","https://public.govdelivery.com/topics/IS_Safe_Routes_to_School/feed.rss","FCPS Safe Routes to School"
"FCPS Special Education Update","https://public.govdelivery.com/topics/DSS_Special_Education_News/feed.rss","FCPS Special Education Update"
"FCPS School Board Member at Large (Ryan McElveen)","https://public.govdelivery.com/topics/SB_At_Large_Ryan_McElveen/feed.rss","FCPS School Board Member at Large (Ryan McElveen)"
"FCPS School Board Mount Vernon District","https://public.govdelivery.com/topics/SB_Mount_Vernon_District/feed.rss","FCPS School Board Mount Vernon District"
"FCPS School Board Member at Large (Kyle McDaniel)","https://public.govdelivery.com/topics/SB_At_Large_Kyle_McDaniel/feed.rss","FCPS School Board Member at Large (Kyle McDaniel)"
"FCPS School Board Member at Large (Ilryong Moon)","https://public.govdelivery.com/topics/SB_At_Large_Ilryong_Moon/feed.rss","FCPS School Board Member at Large (Ilryong Moon)"
"FCPS School Board Sully District","https://public.govdelivery.com/topics/SB_Sully_District/feed.rss","FCPS School Board Sully District"
"FCPS School Board Franconia District","https://public.govdelivery.com/topics/SB_Franconia_District/feed.rss","FCPS School Board Franconia District"
"FCPS School Board Dranesville District","https://public.govdelivery.com/topics/SB_Dranesville_District/feed.rss","FCPS School Board Dranesville District"
"FCPS School Board Braddock District","https://public.govdelivery.com/topics/SB_Braddock_District/feed.rss","FCPS School Board Braddock District"
"FCPS School Board Providence District","https://public.govdelivery.com/topics/SB_Providence_District/feed.rss","FCPS School Board Providence District"
"FCPS Tuesday Tips","https://public.govdelivery.com/topics/FSP/feed.rss","FCPS Tuesday Tips"
"FCPS School Board Hunter District","https://public.govdelivery.com/topics/SB_Hunter_Mill_District/feed.rss","FCPS School Board Hunter District"
"Flint Hill Elementary School","https://public.govdelivery.com/topics/Flint_Hill_ES_News/feed.rss","Flint Hill Elementary School"
"Floris Elementary School","https://public.govdelivery.com/topics/Floris_ES_News/feed.rss","Floris Elementary School"
"Forest Edge Elementary School","https://public.govdelivery.com/topics/Forest_Edge_ES_News/feed.rss","Forest Edge Elementary School"
"Forestdale Elementary School","https://public.govdelivery.com/topics/Forestdale_ES_News/feed.rss","Forestdale Elementary School"
"Forestville Elementary School","https://public.govdelivery.com/topics/Forestville_ES_News/feed.rss","Forestville Elementary School"
"Fort Belvoir Elementary School","https://public.govdelivery.com/topics/Fort_Belvoir_Primary_News/feed.rss","Fort Belvoir Elementary School"
"Fort Hunt Elementary School","https://public.govdelivery.com/topics/Fort_Hunt_ES_News/feed.rss","Fort Hunt Elementary School"
"Fox Mill Elementary School","https://public.govdelivery.com/topics/Fox_Mill_ES_News/feed.rss","Fox Mill Elementary School"
"Franconia Elementary School","https://public.govdelivery.com/topics/Franconia_ES_News/feed.rss","Franconia Elementary School"
"Franklin Middle School","https://public.govdelivery.com/topics/Franklin_MS_News/feed.rss","Franklin Middle School"
"Franklin Sherman Elementary School","https://public.govdelivery.com/topics/Franklin_MS_News/feed.rss","Franklin Sherman Elementary School"
"Freedom Hill Elementary School","https://public.govdelivery.com/topics/Freedom_Hill_ES_news/feed.rss","Freedom Hill Elementary School"
"Frost Middle School","https://public.govdelivery.com/topics/Frost_MS_News_Aug_6/feed.rss","Frost Middle School"
"Garfield Elementary School","https://public.govdelivery.com/topics/Garfield_ES_News/feed.rss","Garfield Elementary School"
"Glasgow Middle School","https://public.govdelivery.com/topics/Glasgow_MS_News/feed.rss","Glasgow Middle School"
"Glen Forest Elementary School","https://public.govdelivery.com/topics/Glen_Forest_ES_News/feed.rss","Glen Forest Elementary School"
"Graham Road Elementary School","https://public.govdelivery.com/topics/Graham_Road_ES_News/feed.rss","Graham Road Elementary School"
"Great Falls Elementary School","https://public.govdelivery.com/topics/Great_Falls_ES_News/feed.rss","Great Falls Elementary School"
"Greenbriar East Elementary School","https://public.govdelivery.com/topics/Greenbriar_East_ES_News/feed.rss","Greenbriar East Elementary School"
"Greenbriar West Elementary School","https://public.govdelivery.com/topics/Greenbriar_West_ES_News/feed.rss","Greenbriar West Elementary School"
"Groveton Elementary School","https://public.govdelivery.com/topics/Groveton_ES_News/feed.rss","Groveton Elementary School"
"Gunston Elementary School","https://public.govdelivery.com/topics/Gunston_ES_News/feed.rss","Gunston Elementary School"
"Halley Elementary School","https://public.govdelivery.com/topics/Halley_ES_News/feed.rss","Halley Elementary School"
"Haycock Elementary School","https://public.govdelivery.com/topics/Haycock_ES_News/feed.rss","Haycock Elementary School"
"Hayfield Elementary School","https://public.govdelivery.com/topics/Hayfield_ES_News_Announcements/feed.rss","Hayfield Elementary School"
"Hayfield Secondary School","https://public.govdelivery.com/topics/Hayfield_SS_News/feed.rss","Hayfield Secondary School"
"Herndon Elementary School","https://public.govdelivery.com/topics/Herndon_ES_News/feed.rss","Herndon Elementary School"
"Herndon High School","https://public.govdelivery.com/topics/Herndon_HS_News/feed.rss","Herndon High School"
"Herndon Middle School","https://public.govdelivery.com/topics/Herndon_MS_News/feed.rss","Herndon Middle School"
"Hollin Meadows Elementary School","https://public.govdelivery.com/topics/Hollin_Meadows_ES_News/feed.rss","Hollin Meadows Elementary School"
"Holmes Middle School","https://public.govdelivery.com/topics/Holmes_MS_News/feed.rss","Holmes Middle School"
"Hughes Middle School","https://public.govdelivery.com/topics/Hughes_MS_News/feed.rss","Hughes Middle School"
"Hunt Valley Elementary School","https://public.govdelivery.com/topics/Hunt_Valley_ES_News/feed.rss","Hunt Valley Elementary School"
"Hunters Woods Elementary School","https://public.govdelivery.com/topics/Hunters_Woods_ES_News/feed.rss","Hunters Woods Elementary School"
"Hutchison Elementary School","https://public.govdelivery.com/topics/Hutchison_ES_News/feed.rss","Hutchison Elementary School"
"Hybla Valley Elementary School","https://public.govdelivery.com/topics/Hybla_Valley_ES_News/feed.rss","Hybla Valley Elementary School"
"Irving Middle School","https://public.govdelivery.com/topics/Irving_MS_News/feed.rss","Irving Middle School"
"Island Creek Elementary School","https://public.govdelivery.com/topics/Island_Creek_ES_News/feed.rss","Island Creek Elementary School"
"Jackson Middle School","https://public.govdelivery.com/topics/Jackson_MS_News/feed.rss","Jackson Middle School"
"John R. Lewis High School","https://public.govdelivery.com/topics/Lewis_HS_News/feed.rss","John R. Lewis High School"
"Justice High School","https://public.govdelivery.com/topics/Justice_HS_News/feed.rss","Justice High School"
"Katherine Johnson Middle School","https://public.govdelivery.com/topics/Johnson_MS_News/feed.rss","Katherine Johnson Middle School"
"Keene Mill Elementary School","https://public.govdelivery.com/topics/Keene_Mill_ES_News/feed.rss","Keene Mill Elementary School"
"Kent Gardens Elementary School","https://public.govdelivery.com/topics/Kent_Gardens_ES_News/feed.rss","Kent Gardens Elementary School"
"Key Center","https://public.govdelivery.com/topics/Key_Center_News/feed.rss","Key Center"
"Key Middle School","https://public.govdelivery.com/topics/Key_MS_NEWS/feed.rss","Key Middle School"
"Kilmer Center","https://public.govdelivery.com/topics/Kilmer_Center_News/feed.rss","Kilmer Center"
"Kilmer Middle School","https://public.govdelivery.com/topics/Kilmer_MS_News/feed.rss","Kilmer Middle School"
"Kings Glen Elementary School","https://public.govdelivery.com/topics/Kings_Glen_ES_News/feed.rss","Kings Glen Elementary School"
"Kings Park Elementary School","https://public.govdelivery.com/topics/Kings_Park_ES_News/feed.rss","Kings Park Elementary School"
"Lake Anne Elementary School","https://public.govdelivery.com/topics/Lake_Anne_ES_News/feed.rss","Lake Anne Elementary School"
"Lake Braddock Secondary School","https://public.govdelivery.com/topics/Lake_Braddock_SS_News/feed.rss","Lake Braddock Secondary School"
"Lane Elementary School","https://public.govdelivery.com/topics/Lane_ES_News/feed.rss","Lane Elementary School"
"Langley High School","https://public.govdelivery.com/topics/Langley_HS_News/feed.rss","Langley High School"
"Laurel Hill Elementary School","https://public.govdelivery.com/topics/Laurel_Hill_ES_News/feed.rss","Laurel Hill Elementary School"
"Laurel Ridge Elementary School","https://public.govdelivery.com/topics/Laurel_Ridge_ES_News/feed.rss","Laurel Ridge Elementary School"
"Lees Corner Elementary School","https://public.govdelivery.com/topics/Lees_Corner_ES_News/feed.rss","Lees Corner Elementary School"
"Lemon Road Elementary School","https://public.govdelivery.com/topics/Lemon_Road_ES_News/feed.rss","Lemon Road Elementary School"
"Liberty Middle School","https://public.govdelivery.com/topics/Liberty_MS_News/feed.rss","Liberty Middle School"
"Little Run Elementary School","https://public.govdelivery.com/topics/Little_Run_ES_news/feed.rss","Little Run Elementary School"
"London Towne Elementary School","https://public.govdelivery.com/topics/London_Towne_ES_News/feed.rss","London Towne Elementary School"
"Longfellow Middle School","https://public.govdelivery.com/topics/Longfellow_MS_News/feed.rss","Longfellow Middle School"
"Lorton Station Elementary School","https://public.govdelivery.com/topics/Lorton_Station_ES_News/feed.rss","Lorton Station Elementary School"
"Louise Archer Elementary School","https://public.govdelivery.com/topics/Louise_Archer_ES_News/feed.rss","Louise Archer Elementary School"
"Lynbrook Elementary School","https://public.govdelivery.com/topics/Lynbrook_ES_News_Spanish/feed.rss","Lynbrook Elementary School"
"Madison High School","https://public.govdelivery.com/topics/Madison_HS_News_Grades_9-12/feed.rss","Madison High School"
"Mantua Elementary School","https://public.govdelivery.com/topics/Mantua_ES_News/feed.rss","Mantua Elementary School"
"Marshall Academy","https://public.govdelivery.com/topics/Marshall_Academy_NEWS/feed.rss","Marshall Academy"
"Marshall High School","https://public.govdelivery.com/topics/Marshall_HS_News/feed.rss","Marshall High School"
"Marshall Road Elementary School","https://public.govdelivery.com/topics/Marshall_Road_ES_News/feed.rss","Marshall Road Elementary School"
"Mason Crest Elementary School","https://public.govdelivery.com/topics/Mason_Crest_ES_News/feed.rss","Mason Crest Elementary School"
"McLean High School","https://public.govdelivery.com/topics/McLean_HS_News_and_Announcements/feed.rss","McLean High School"
"McNair Lower Elementary School","https://public.govdelivery.com/topics/McNair_Elementary_News/feed.rss","McNair Lower Elementary School"
"McNair Upper Elementary School","https://public.govdelivery.com/topics/McNair_Upper_News/feed.rss","McNair Upper Elementary School"
"Mosaic Elementary School","https://public.govdelivery.com/topics/Mosaic_ES_News/feed.rss","Mosaic Elementary School"
"Mount Eagle Elementary School","https://public.govdelivery.com/topics/Mount_Eagle_ES_News/feed.rss","Mount Eagle Elementary School"
"Mount Vernon High School","https://public.govdelivery.com/topics/Mount_Vernon_HS_News/feed.rss","Mount Vernon High School"
"Mount Vernon Woods Elementary School","https://public.govdelivery.com/topics/Mount_Vernon_Woods_ES_News/feed.rss","Mount Vernon Woods Elementary School"
"Mountain View High School","https://public.govdelivery.com/topics/Mountain_View_HS_News/feed.rss","Mountain View High School"
"Navy Elementary School","https://public.govdelivery.com/topics/Navy_ES_News/feed.rss","Navy Elementary School"
"Newington Forest Elementary School","https://public.govdelivery.com/topics/Newington_Forest_ES_News/feed.rss","Newington Forest Elementary School"
"North Springfield Elementary School","https://public.govdelivery.com/topics/North_Springfield_ES_News/feed.rss","North Springfield Elementary School"
"Oak Hill Elementary School","https://public.govdelivery.com/topics/Oak_Hill_ES_News/feed.rss","Oak Hill Elementary School"
"Oak View Elementary School","https://public.govdelivery.com/topics/Oak_View_ES_News/feed.rss","Oak View Elementary School"
"Oakton Elementary School","https://public.govdelivery.com/topics/Oakton_ES_NEWS/feed.rss","Oakton Elementary School"
"Oakton High School","https://public.govdelivery.com/topics/Oakton_HS_NEWS/feed.rss","Oakton High School"
"Olde Creek Elementary School","https://public.govdelivery.com/topics/Olde_Creek_ES_News/feed.rss","Olde Creek Elementary School"
"Orange Hunt Elementary School","https://public.govdelivery.com/topics/Orange_Hunt_ES_News/feed.rss","Orange Hunt Elementary School"
"Parklawn Elementary School","https://public.govdelivery.com/topics/Parklawn_ES_Topic_2/feed.rss","Parklawn Elementary School"
"Pine Spring Elementary School","https://public.govdelivery.com/topics/Pine_Spring_ES_News/feed.rss","Pine Spring Elementary School"
"Poe Middle School","https://public.govdelivery.com/topics/Poe_MS_News_public_subscription/feed.rss","Poe Middle School"
"Poplar Tree Elementary School","https://public.govdelivery.com/topics/Poplar_Tree_ES_News/feed.rss","Poplar Tree Elementary School"
"Powell Elementary School","https://public.govdelivery.com/topics/Poplar_Tree_ES_News/feed.rss","Powell Elementary School"
"Providence Elementary School","https://public.govdelivery.com/topics/Providence_ES_News/feed.rss","Providence Elementary School"
"Pulley Career Center","https://public.govdelivery.com/topics/Pulley_Career_Center_News/feed.rss","Pulley Career Center"
"Quander Road School","https://public.govdelivery.com/topics/Quander_Road_School_News/feed.rss","Quander Road School"
"Ravensworth Elementary School","https://public.govdelivery.com/topics/Ravensworth_ES_News/feed.rss","Ravensworth Elementary School"
"Riverside Elementary School","https://public.govdelivery.com/topics/Riverside_ES_News/feed.rss","Riverside Elementary School"
"Robinson Secondary School","https://public.govdelivery.com/topics/Robinson_SS_News/feed.rss","Robinson Secondary School"
"Rocky Run Middle School","https://public.govdelivery.com/topics/Rocky_Run_MS_News/feed.rss","Rocky Run Middle School"
"Rolling Valley Elementary School","https://public.govdelivery.com/topics/Rolling_Valley_ES_News/feed.rss","Rolling Valley Elementary School"
"Rose Hill Elementary School","https://public.govdelivery.com/topics/Rose_Hill_ES_News/feed.rss","Rose Hill Elementary School"
"Sandburg Middle School","https://public.govdelivery.com/topics/Sandburg_MS_News/feed.rss","Sandburg Middle School"
"Sangster Elementary School","https://public.govdelivery.com/topics/Sangster_ES_News/feed.rss","Sangster Elementary School"
"Saratoga Elementary School","https://public.govdelivery.com/topics/Saratoga_ES_News/feed.rss","Saratoga Elementary School"
"Shrevewood Elementary School","https://public.govdelivery.com/topics/Shrevewood_ES_News/feed.rss","Shrevewood Elementary School"
"Silverbrook Elementary School","https://public.govdelivery.com/topics/Silverbrook_ES_News/feed.rss","Silverbrook Elementary School"
"Sleepy Hollow Elementary School","https://public.govdelivery.com/topics/Sleepy_Hollow_ES_News/feed.rss","Sleepy Hollow Elementary School"
"South County High School","https://public.govdelivery.com/topics/South_County_HS_News/feed.rss","South County High School"
"South County Middle School","https://public.govdelivery.com/topics/South_County_MS_Topic_1/feed.rss","South County Middle School"
"South Lakes High School","https://public.govdelivery.com/topics/South_Lakes_HS_News/feed.rss","South Lakes High School"
"Spring Hill Elementary School","https://public.govdelivery.com/topics/Spring_Hill_ES_News/feed.rss","Spring Hill Elementary School"
"Springfield Estates Elementary School","https://public.govdelivery.com/topics/Springfield_Estates_ES_News/feed.rss","Springfield Estates Elementary School"
"Stenwood Elementary School","https://public.govdelivery.com/topics/Stenwood_ES_News/feed.rss","Stenwood Elementary School"
"Stone Middle School","https://public.govdelivery.com/topics/Stone_MS_News/feed.rss","Stone Middle School"
"Stratford Landing Elementary School","https://public.govdelivery.com/topics/Stratford_Landing_ES_News/feed.rss","Stratford Landing Elementary School"
"Sunrise Valley Elementary School","https://public.govdelivery.com/topics/Sunrise_Valley_ES_News/feed.rss","Sunrise Valley Elementary School"
"Terra Centre Elementary School","https://public.govdelivery.com/topics/Terra_Centre_ES_News/feed.rss","Terra Centre Elementary School"
"Terraset Elementary School","https://public.govdelivery.com/topics/Terraset_ES_Terragram/feed.rss","Terraset Elementary School"
"Thoreau Middle School","https://public.govdelivery.com/topics/Thoreau_MS_News/feed.rss","Thoreau Middle School"
"Timber Lane Elementary School","https://public.govdelivery.com/topics/Timber_Lane_ES_News/feed.rss","Timber Lane Elementary School"
"TJHSST","https://public.govdelivery.com/topics/Jefferson_HS_NEWS/feed.rss","TJHSST"
"Twain Middle School","https://public.govdelivery.com/topics/Twain_MS_NEWS/feed.rss","Twain Middle School"
"Union Mill Elementary School","https://public.govdelivery.com/topics/Union_Mill_ES_News/feed.rss","Union Mill Elementary School"
"Vienna Elementary School","https://public.govdelivery.com/topics/Vienna_ES_News/feed.rss","Vienna Elementary School"
"Virginia Run Elementary School","https://public.govdelivery.com/topics/Virginia_Run_ES_News/feed.rss","Virginia Run Elementary School"
"Wakefield Forest Elementary School","https://public.govdelivery.com/topics/Wakefield_Forest_ES_News/feed.rss","Wakefield Forest Elementary School"
"Waples Mill Elementary School","https://public.govdelivery.com/topics/Waples_Mill_ES_News/feed.rss","Waples Mill Elementary School"
"Washington Mill Elementary School","https://public.govdelivery.com/topics/Washington_Mill_ES_News/feed.rss","Washington Mill Elementary School"
"Waynewood Elementary School","https://public.govdelivery.com/topics/Waynewood_ES_News/feed.rss","Waynewood Elementary School"
"West Potomac Academy","https://public.govdelivery.com/topics/West_Potomac_Academy_News/feed.rss","West Potomac Academy"
"West Potomac High School","https://public.govdelivery.com/topics/West_Potomac_HS_News/feed.rss","West Potomac High School"
"West Springfield Elementary School","https://public.govdelivery.com/topics/West_Springfield_ES_News/feed.rss","West Springfield Elementary School"
"West Springfield High School","https://public.govdelivery.com/topics/West_Springfield_HS_News/feed.rss","West Springfield High School"
"Westbriar Elementary School","https://public.govdelivery.com/topics/Westbriar_ES_News/feed.rss","Westbriar Elementary School"
"Westfield High School","https://public.govdelivery.com/topics/Westfield_HS_News/feed.rss","Westfield High School"
"Westgate Elementary School","https://public.govdelivery.com/topics/Westgate_ES_News/feed.rss","Westgate Elementary School"
"Westlawn Elementary School","https://public.govdelivery.com/topics/Westlawn_ES_News/feed.rss","Westlawn Elementary School"
"Weyanoke Elementary School","https://public.govdelivery.com/topics/Weyanoke_ES_News/feed.rss","Weyanoke Elementary School"
"White Oaks Elementary School","https://public.govdelivery.com/topics/White_Oaks_ES_News/feed.rss","White Oaks Elementary School"
"Whitman Middle School","https://public.govdelivery.com/topics/Whitman_MS_News/feed.rss","Whitman Middle School"
"Willow Springs Elementary School","https://public.govdelivery.com/topics/Willow_Springs_ES_News/feed.rss","Willow Springs Elementary School"
"Wolftrap Elementary School","https://public.govdelivery.com/topics/Wolftrap_ES_News/feed.rss","Wolftrap Elementary School"
"Woodburn Elementary School","https://public.govdelivery.com/topics/Woodburn_ES_News/feed.rss","Woodburn Elementary School"
"Woodlawn Elementary School","https://public.govdelivery.com/topics/Woodlawn_ES_News/feed.rss","Woodlawn Elementary School"
"Woodley Hills Elementary School","https://public.govdelivery.com/topics/Woodley_Hills_ES_News/feed.rss","Woodley Hills Elementary School"
"Woodson High School","https://public.govdelivery.com/topics/Woodson_HS_News/feed.rss","Woodson High School"